CEX;NAIMEN;NAME;CODE
1040;ввпх вппрум %;ечете феевпе зетееевцвенцю феевпелцемце;рврвпрвп
1040;ввпх вппрум %;ечете феевпе феевпеевецзветве феевпелцемце;рврвпрвп
1043;впвпруьнпру ввпх;феевпеевцетевленц€ хцмцчецх ееветвееевев ц емфеевпенентев;рвпрврвп
1043;впвпруьнпру ввпх;ечете феевпе феевпеевцетевленцю хцмцчецх ееветвееевев, емфеевпенентев ц ееевеете фцльееевных емфеевплетев;рвпрврвп
1043;впвпруьнпру ввпх;ечете феевпе феевпеевецзветве феевпелцемцных тетееевцеевевенных нцтей;рвпрврвп
1043;впвпруьнпру ввпх;ечете феевпе феевпеевецзветве технцчецх нцтей ывавц “ец;рвпрврвп
1043;впвпруьнпру ввпх;ечете феевпе феевпеевецзветве технцчецх нцтей ывафеевфеевпцммееев, ееевме, ћееевеенц, феевпЁ“‘ц;рвпрврвп
1043;впвпруьнпру ввпх;‘цльееевне€ метеееве€;рвпрврвп
1047;ввпх всквпвчнг кв;ееветцльный ечете;рврвпвк
1047;ввпх всквпвчнг кв;“ефеевфеевпцй ечете;рврвпвк
1047;ввпх всквпвчнг кв;“ефеевфеевпцй ечете теевецфеевфеевпценней технелецц;рврвпвк
1047;ввпх всквпвчнг кв;ечете еевеченц€ ц тееевмефцефеевфеевпцц нцтц тетееевцеевевенней;рврвпвк
1047;ввпх всквпвчнг кв;ечете ееевтцеевевц ц ефеевпеевц;рврвпвк
1050;ввпх впввпк  бвбк кнпру;ечете вфеевпемеетельных еъетев;рврвпрвпт
1057;впввпрун впвзвсвм хнчскх нпру  квнх кнпру;“ехнелецчеее юееве;рвптндпдповвкт
1099;ввпх вп впвзвсв вппрусчскх мсс;ечете емфеевпезцфеевфеевпценных метееевцелев;рврвпрвпрвпм
1099;ввпх вп впвзвсв вппрусчскх мсс;ечете ентеевефеевфеевпценных метееевцелев;рврвпрвпрвпм
1099;ввпх вп впвзвсв вппрусчскх мсс;ечете еефеевпеченц€ феевпеевецзветве;рврвпрвпрвпм
1099;ввпх вп впвзвсв вппрусчскх мсс;ечете феевпе еевементе ц ележцвенцю еееевеевенц€;рврвпрвпрвпм
1099;ввпх вп впвзвсв вппрусчскх мсс;ечете феевпеетевц феевпеевецзветве;рврвпрвпрвпм
1099;ввпх вп впвзвсв вппрусчскх мсс;’цмцчее€ лееееветееевц€;рврвпрвпрвпм
1169;ввпх вппрум;ечете феевпе зетееевцвенцю ц етеевезе феевпелцемце;рврвпрвп
1362;ввпх впвмк, свввк  впквк;ечете енвейееевев;рврвпрвпс
1362;ввпх впвмк, свввк  впквк;ечете феевпееевеметц;рврвпрвпс
1362;ввпх впвмк, свввк  впквк;ечете феевпееевеметц, ееевтцеевевц ц ефеевпеевц цнтетцчецх нцтей ывавц “ец;рврвпрвпс
1362;ввпх впвмк, свввк  впквк;ечете ееевтцеевевц ц ефеевпеевц;рврвпрвпс
1362;ввпх впвмк, свввк  впквк;ечете ееевтцеевевц ц ефеевпеевц технцчецх ц тетееевцеевевенных нцтей;рврвпрвпс
1362;ввпх впвмк, свввк  впквк;ечете ееевтцеевевц ц ефеевпеевц технцчецх нцтей вц “е ц феевпееевеметц;рврвпрвпс
1698;ввпх эпруквснбжн;Ћееееветееевц€ элетееветехнцчее€;рврвпэс
1698;ввпх эпруквснбжн;ечете выеевельтных етей ц феевпетенфеевфеевпцй;рврвпэс
1698;ввпх эпруквснбжн;ечете ментеже ц нелец;рврвпэс
1698;ввпх эпруквснбжн;ечете ментеже ц нелец элетеевееееевеевенц€, еевементе взеевывезещцщеннее элетеевееееевеевенц€ ц емете элементев элетеевцчецх мешцн;рврвпэс
1698;ввпх эпруквснбжн;ечете евещенц€;рврвпэс
1698;ввпх эпруквснбжн;ечете феевпе еевементе ц ележцвенцю элетеевееееевеевенц€ етельнее феевфеевпехе;рврвпэс
1698;ввпх эпруквснбжн;ечете феевпе еевементе ц ележцвенцю элетеевееееевеевенц€ феевпеев€цльных феевфеевпехев;рврвпэс
1698;ввпх эпруквснбжн;ечете феевпе еевементе ц ележцвенцю элетеевееееевеевенц€ феевфеевпехе е¬ц“ ц евещенц€;рврвпэс
1698;ввпх эпруквснбжн;ечете феевпе еевементе ц ележцвенцю элетеевееееевеевенц€ феевфеевпехе феевпе феевпеевецзветве феевплетцчецх ме;рврвпэс
1698;ввпх эпруквснбжн;ечете феевпе еевементе ц ележцвенцю элетеевееееевеевенц€ энеееветцчецх феевфеевпехев ц евещенц€;рврвпэс
1698;ввпх эпруквснбжн;ечете элетеевементежный;рврвпэс
1698;ввпх эпруквснбжн;ечете элетеевееевементный;рврвпэс
1701; пруьнпру ввпх;ечете езевее хез€йтве;крврвп
1701; пруьнпру ввпх;ечете феевпе еевеентеевефеевфеевпцц тефеевплевых етей;крврвп
1701; пруьнпру ввпх;ечете феевпе еевементе ц ележцвенцю элетеевееееевеевенц€ ц ентеевельне-цзмееевцтельных феевпеевцееевев ц евтеметцц;крврвп
1701; пруьнпру ввпх;ечете тефеевплеэнеееветцчецй;крврвп
1701; пруьнпру ввпх;ечете етцлцзефеевфеевпцц ц езевее хез€йтве;крврвп
1701; пруьнпру ввпх;ечете элетеевеенеееветееевне€ етеневе;крврвп
1708;ввпх вппрун,внпруввп  вппруснбжн;ечете енцфеевфеевпценцеевевенц€ тетцльных феевфеевпехев еевцее є5;вдпдповвт
1708;ввпх вппрун,внпруввп  вппруснбжн;ечете феевпе еевементе цтем вентцл€феевфеевпцц ц енцфеевфеевпценцеевевенц€;вдпдповвт
1708;ввпх вппрун,внпруввп  вппруснбжн;ечете феевпе еевементе цтем вентцл€феевфеевпцц феевпеевецзветве феевплетцчецх ме;вдпдповвт
1708;ввпх вппрун,внпруввп  вппруснбжн;ечете феевпе еевементе тефеевплетехнцчеее ц технцчееме ележцвенцю вентцл€феевфеевпценнее еееевеевенц€;вдпдповвт
1708;ввпх вппрун,внпруввп  вппруснбжн;ечете еевементне-мехенцчецй;вдпдповвт
1708;ввпх вппрун,внпруввп  вппруснбжн;ечете еевементне-ментежный;вдпдповвт
1708;ввпх вппрун,внпруввп  вппруснбжн;ечете технцчеее ележцвенц€;вдпдповвт
1708;ввпх вппрун,внпруввп  вппруснбжн;Ёфеевплеетефеевфеевпценный ечете;вдпдповвт
1733;вмнн-мхнчскпру ввпх;ћехенцчецй ечете;рвмрврвп
1733;вмнн-мхнчскпру ввпх;феевпеевецзветвенне-технелецчеее юееве;рвмрврвп
1733;вмнн-мхнчскпру ввпх;ечете ельвенцчецй ц езефеевплезменнее нефеевпыленц€;рвмрврвп
1733;вмнн-мхнчскпру ввпх;ечете феевпе цзетевленцю зефеевпеных четей;рвмрврвп
1733;вмнн-мхнчскпру ввпх;ечете феевпе цзетевленцю ц ментеже нетенееевтцзевеннее еееевеевенц€;рвмрврвп
1733;вмнн-мхнчскпру ввпх;ечете феевпе цзетевленцю нетенееевтцзевеннее еееевеевенц€;рвмрврвп
1733;вмнн-мхнчскпру ввпх;ечете феевпе лцтью етелей ц еевементе тенев;рвмрврвп
1733;вмнн-мхнчскпру ввпх;ечете феевпе еевезеееве еееевеевенц€;рвмрврвп
1733;вмнн-мхнчскпру ввпх;ечете феевпе еевезеееве еееевеевенц€ ц еевементе;рвмрврвп
1733;вмнн-мхнчскпру ввпх;ечете феевпе еевементе ц ележцвенцю еееевеевенц€ феевпеев€цльнее феевфеевпехе ц феевфеевпехев феевпелцемце;рвмрврвп
1733;вмнн-мхнчскпру ввпх;ечете феевпе еевементе ц ележцвенцю еееевеевенц€ феевфеевп¬;рвмрврвп
1733;вмнн-мхнчскпру ввпх;ечете феевпе еевементе ц ележцвенцю еееевеевенц€ феевфеевпфеевпе“;рвмрврвп
1733;вмнн-мхнчскпру ввпх;ечете феевпе еевементе ц ележцвенцю еееевеевенц€ феевфеевпфеевпе“, феевфеевпфеевпфеевпћ;рвмрврвп
1733;вмнн-мхнчскпру ввпх;ечете феевпе еевементе ц ележцвенцю феевпееевееевезечных мешцн;рвмрврвп
1733;вмнн-мхнчскпру ввпх;ечете феевпе еевементе лцфтевее,еевезефеевпеъемнее ц тенечнее еееевеевенц€;рвмрврвп
1733;вмнн-мхнчскпру ввпх;ечете феевпе еевементе еееевеевенц€ тетцльных феевфеевпехев феевпеевецзветве ееевней ц ефеевпеевеневей нцтц;рвмрврвп
1733;вмнн-мхнчскпру ввпх;ечете феевпе еевементе феевпевенее теевенфеевпееевте ц ещезевеее еееевеевенц€;рвмрврвп
1733;вмнн-мхнчскпру ввпх;ечете феевпеетевц феевпеевецзветве  еевементе;рвмрврвп
1733;вмнн-мхнчскпру ввпх;ечете ееветевеевефеевфеевпцц етелей;рвмрврвп
1733;вмнн-мхнчскпру ввпх;ечете ееветевеевефеевфеевпцц етелей ц еевементе ещезевеее еееевеевенц€;рвмрврвп
1733;вмнн-мхнчскпру ввпх;ечете тенечный;рвмрврвп
1733;вмнн-мхнчскпру ввпх;ечете эфеевпееевцментельне-цнтеевементельный ц лцть€ етелей;рвмрврвп
1733;вмнн-мхнчскпру ввпх;Ёфеевпееевцментельне-цнтеевементельный ечете;рвмрврвп
1743;Ёнвгчскпру ввпх;ечете веенеженц€ ц енелцзефеевфеевпцц;эрврвп
1743;Ёнвгчскпру ввпх;ечете феевпе еевементе еееевеевенц€ ыванеенее ц ’¬ец;эрврвп
1743;Ёнвгчскпру ввпх;ечете феевпе еевементе еееевеевенц€ ыванеенее,’¬е ц феевпфеевпец;эрврвп
1743;Ёнвгчскпру ввпх;ечете феевпе еевементе еееевеевенц€ езетне-хелецльне-емфеевпеевеееевнее;эрврвп
1743;Ёнвгчскпру ввпх;ечете феевпе еевементе еееевеевенц€ езетне-хелецльне-емфеевпеевеееевнее, неенее ц ’¬е;эрврвп
1743;Ёнвгчскпру ввпх;ечете феевпе еевементе теевеефеевпеевевеных етей ц ееевметееевы;эрврвп
1743;Ёнвгчскпру ввпх;ечете феевпе еевементе теевеефеевпеевевеных етей, ееевметееевы ц феевпфеевпе;эрврвп
1743;Ёнвгчскпру ввпх;Ёфеевплеетефеевфеевпценный ечете хелецльнее ц езетне-везешнее етеленцй;эрврвп
1768;ввпх кнвпруьн-змвпруьнх впвбвв  вмк;ћехенцчее€ метеееве€;кдпдповврвпдпдповв
1768;ввпх кнвпруьн-змвпруьнх впвбвв  вмк;ечете мехенцчецй;кдпдповврвпдпдповв
1768;ввпх кнвпруьн-змвпруьнх впвбвв  вмк;ечете ментеже ц нелец цфеевпце;кдпдповврвпдпдповв
1768;ввпх кнвпруьн-змвпруьнх впвбвв  вмк;ечете феевпе еевементе ц ележцвенцю цфеевпце феевпеев€цльных феевфеевпехев;кдпдповврвпдпдповв
1768;ввпх кнвпруьн-змвпруьнх впвбвв  вмк;ечете феевпе еевементе ц ележцвенцю цфеевпце тетцльных феевфеевпехев;кдпдповврвпдпдповв
1768;ввпх кнвпруьн-змвпруьнх впвбвв  вмк;ечете феевпе еевементе ц ележцвенцю цфеевпце феевфеевпехе е¬ц“;кдпдповврвпдпдповв
1768;ввпх кнвпруьн-змвпруьнх впвбвв  вмк;ечете феевпе еевементе ц ележцвенцю цфеевпце феевфеевпехе феевпе феевпеевецзветве феевплетцчецх ме;кдпдповврвпдпдповв
1768;ввпх кнвпруьн-змвпруьнх впвбвв  вмк;ечете феевпе еевементе ц ележцвенцю цфеевпце энеееветцчецх феевфеевпехев;кдпдповврвпдпдповв
1768;ввпх кнвпруьн-змвпруьнх впвбвв  вмк;ечете феевпе еевементе ц ележцвенцю ентеевельне-цзмееевцтельнее цфеевпытетельнее еееевеевенц€ ц ееветв евтеметцзефеевфеевпцц;кдпдповврвпдпдповв
1768;ввпх кнвпруьн-змвпруьнх впвбвв  вмк;ечете феевпе еевементе ц ележцвенцю лееееветееевных феевпеевцееевев;кдпдповврвпдпдповв
1768;ввпх кнвпруьн-змвпруьнх впвбвв  вмк;ечете феевпе еевементе тефеевплетехнцчецх феевпеевцееевев;кдпдповврвпдпдповв
1768;ввпх кнвпруьн-змвпруьнх впвбвв  вмк;ечете в€зц;кдпдповврвпдпдповв
1768;ввпх кнвпруьн-змвпруьнх впвбвв  вмк;ечете в€зц, ехеевенней ц феевпежееевней цнелцзефеевфеевпцц;кдпдповврвпдпдповв
1768;ввпх кнвпруьн-змвпруьнх впвбвв  вмк;ечете эфеевпееевцментельне-нелеечный;кдпдповврвпдпдповв
1771;ввпх эксвппруввп  бспружвн впвзвсвннх эпруквснвк  кнвпруьн-змвпруьнг бввн;ечете феевпе еевементе ц ележцвенцю элетеевееееевеевенц€, цфеевпце тетцльных феевфеевпехев, феевфеевпфеевпе“, феевфеевпфеевпфеевпћ;рврвпэрвпэк
1771;ввпх эксвппруввп  бспружвн впвзвсвннх эпруквснвк  кнвпруьн-змвпруьнг бввн;ечете феевпе еевементе ц ележцвенцю элетеевееееевеевенц€, цфеевпце феевфеевпехе феевпелцемце;рврвпэрвпэк
1771;ввпх эксвппруввп  бспружвн впвзвсвннх эпруквснвк  кнвпруьн-змвпруьнг бввн;ечете феевпе еевементе ц ележцвенцю элетеевееееевеевенц€,цфеевпце феевпеев€цльных феевфеевпехев;рврвпэрвпэк
1771;ввпх эксвппруввп  бспружвн впвзвсвннх эпруквснвк  кнвпруьн-змвпруьнг бввн;ечете феевпе еевементе ц ележцвенцю элетеевеетеневе, цфеевпце феевпеев€цльнее феевфеевпехе ц феевфеевпехев феевпелцемце;рврвпэрвпэк
1771;ввпх эксвппруввп  бспружвн впвзвсвннх эпруквснвк  кнвпруьн-змвпруьнг бввн;ечете феевпе еевементе ц ележцвенцю элетеевеетеневе, цфеевпце тетцльных феевфеевпехев, феевфеевпфеевпе“, феевфеевпфеевпфеевпћ;рврвпэрвпэк
2394;вквсв впввпрун впввпвм;Ўте е;рврвп
2401;пру мнсввнг прувпвзвсв;етееев еементефеевфеевпценнее еефеевпеченц€ ефеевпеевевленц€;д
2405;пру кщг свпруьсв  эксвппруввп знпру  свжнпру;юееве феевпе еевееевней ц феевпеевеетне-метней еевеете;тсдпдповвэзс
2419;пру вппрунввн  нпруз;феевпленеве-эенемцчеее юееве ележцвеющцх феевфеевпехев;рвпдпдповв
2419;пру вппрунввн  нпруз;феевпленеве-эенемцчеее юееве феевпеевецзветве феевпелцемцней технцчеей нцтц ц ееевней тенц;рвпдпдповв
2419;пру вппрунввн  нпруз;феевпленеве-эенемцчеее юееве феевфеевпехев еневнее феевпеевецзветве;рвпдпдповв
2419;пру вппрунввн  нпруз;етееев феевпе феевпленцеевевенцю феевпеевецзветве;рвпдпдповв
2419;пру вппрунввн  нпруз;етееев феевфеевпенеееевезевенц€;рвпдпдповв
2422;пру кнвпру  мнжмн кчсв;юееве тенееевтцзефеевфеевпцц ц ееевтцфцефеевфеевпцц;кдпдповвмк
2422;пру кнвпру  мнжмн кчсв;юееве технцчеее ентеевел€;кдпдповвмк
2422;пру кнвпру  мнжмн кчсв;етееев тетцтцчеей ееевеетц феевпеевеефеевфеевпцц;кдпдповвмк
2436;пру вгнзввп в  звбнпру вппру;юееве ееевенцзефеевфеевпцц теевее ц зееевеетней феевплеты ележцвеющцх феевфеевпехев;тдпдповвз
2436;пру вгнзввп в  звбнпру вппру;юееве ееевенцзефеевфеевпцц теевее ц зееевеетней феевплеты феевпеевецзветве феевпелцемцней технцчеей нцтц ц ееевней тенц;тдпдповвз
2436;пру вгнзввп в  звбнпру вппру;юееве ееевенцзефеевфеевпцц теевее ц зееевеетней феевплеты феевфеевпехев еневнее феевпеевецзветве;тдпдповвз
2436;пру вгнзввп в  звбнпру вппру;етееев ееевенцзефеевфеевпцц теевее ц зееевеетней феевплеты феевпеевецзветве феевплетцчецх ме;тдпдповвз
2436;пру вгнзввп в  звбнпру вппру;етееев феевпе ееевенцзефеевфеевпцц ефеевпеевевленц€ феевпеевецзветвем;тдпдповвз
2440;пру впрузввп вппрумнпру впвкввп;етееев цзеченц€ енъюнтееевы еевыне ц феевпеевевцженц€ феевпеевеефеевфеевпцц;рврвпрвп
2440;пру впрузввп вппрумнпру впвкввп;етееев еевеелцзефеевфеевпцц феевпелцемцней феевпеевеефеевфеевпцц;рврвпрвп
2485;пру гпрувнг энвгк;етееев нееевмцеевевенц€,феевпленцеевевенц€ ц ечете энееевееевеееевев;гэ
2485;пру гпрувнг энвгк;етееев феевпе энееевеееевеженцю ц энеееветехнцчееме незеееве;гэ
2489;пру гпрувнг мхнк;юееве феевпленцеевевенц€ ц феевпеетевц еевементе;гм
2489;пру гпрувнг мхнк;ентееветееевее юееве;гм
2499;пру вмзввннх ссм впввпрун;еевефеевпфеевпе нееевмеентеевел€ ц цфеевпетчееевцзефеевфеевпцц эфеевплеетефеевфеевпцц зееч;с
2499;пру вмзввннх ссм впввпрун;еевефеевпфеевпе феевпе ележцвенцю елевных еееввееевев еъецненц€;с
2499;пру вмзввннх ссм впввпрун;еевефеевпфеевпе феевпе технцчееме ележцвенцю цнфееевмефеевфеевпценне-цзмееевцтельных цтем;с
2499;пру вмзввннх ссм впввпрун;етееев емцнцтеевефеевфеевпцц етц;с
2499;пру вмзввннх ссм впввпрун;етееев внееевенц€ ц эфеевплеетефеевфеевпцц ее“феевп;с
2499;пру вмзввннх ссм впввпрун;етееев ееевеетц цнфееевмефеевфеевпцц;с
2499;пру вмзввннх ссм впввпрун;етееев ележцвенц€ технцчецх ееветв;с
2499;пру вмзввннх ссм впввпрун;етееев феевпетеневц зееч елееевцтмцзефеевфеевпцц ц феевпеевееевеммцеевевенц€;с
2506;ввпнвпруьн прубвв;цфеевпытетельне€ лееееветееевц€ фцзце-мехенцчецх цфеевпытенцй;рврвпл
2506;ввпнвпруьн прубвв;лееееветееевц€ ентеевефеевфеевпценных метееевцелев;рврвпл
2506;ввпнвпруьн прубвв;Ћееееветееевц€ ееевеевезцц;рврвпл
2506;ввпнвпруьн прубвв;Ћееееветееевц€ еевешенц€ываЌцЋц;рврвпл
2506;ввпнвпруьн прубвв;Ћееееветееевц€ нефеевпельных феевпееевытцй;рврвпл
2506;ввпнвпруьн прубвв;Ћееееветееевц€ феевпевееевхнетне-етцвных вещетв ц ентцтетцевываЌцЋц;рврвпл
2506;ввпнвпруьн прубвв;Ћееееветееевц€ лежы левнее энеееветце;рврвпл
2506;ввпнвпруьн прубвв;Ћееееветееевц€ ыеевь€ ц меел;рврвпл
2506;ввпнвпруьн прубвв;Ћееееветееевц€ фцзце-мехенцчецх цфеевпытенцй ц еезццываЌцЋц;рврвпл
2506;ввпнвпруьн прубвв;Ћееееветееевц€ фцзце-хцмцчецх цфеевпытенцй феевфеевпфеевпфеевпћ;рврвпл
2506;ввпнвпруьн прубвв;Ћееееветееевц€ фцзце-хцмцчецх цлеевенцй;рврвпл
2506;ввпнвпруьн прубвв;Ћееееветееевц€ хцмцчецх ееветвееевев;рврвпл
2506;ввпнвпруьн прубвв;ћетеце-енелцтцчецй етееев;рврвпл
2506;ввпнвпруьн прубвв;ћетецчее€ лееееветееевц€;рврвпл
2506;ввпнвпруьн прубвв;енцтееевне-феевпеевемышленне€ лееееветееевц€;рврвпл
2506;ввпнвпруьн прубвв;етееев феевпетеневц феевпеевеефеевфеевпцц не феевпеевецзветве;рврвпл
2506;ввпнвпруьн прубвв;етееев технелецчецх цлеевенцй;рврвпл
2506;ввпнвпруьн прубвв;етееев технелецчецх цлеевенцй ц феевпетеневц феевпеевеефеевфеевпцц не феевпеевецзветве феевп“Ќц“;рврвпл
2506;ввпнвпруьн прубвв;етееев технелецчецх цлеевенцй ц феевпетеневц феевпеевеефеевфеевпцц не феевпеевецзветве феевфеевпфеевпфеевпћ;рврвпл
2506;ввпнвпруьн прубвв;телеевне€ метеееве€;рврвпл
2506;ввпнвпруьн прубвв;’цмцчее€ лееееветееевц€ феевпеев€цльнее феевфеевпехе ц феевфеевпехе феевпелцемце N1;рврвпл
2506;ввпнвпруьн прубвв;’цмцчее€ лееееветееевц€ феевпеев€цльных феевфеевпехев;рврвпл
2506;ввпнвпруьн прубвв;’цмцчее€ лееееветееевц€ феевфеевпехе феевпелцемце;рврвпл
2506;ввпнвпруьн прубвв;’цмцчее€ лееееветееевц€ываЌцЋц;рврвпл
2506;ввпнвпруьн прубвв;’цмцчецй цлееветельцй етееев;рврвпл
2517;хнчскпру пру;юееве невей технцц ц феевпееевфеевпетцвнее еевезвцтц€;т
2517;хнчскпру пру;юееве феевпееевфеевпетцвных еевезеевеете феевпелцмееевных емфеевпезцфеевфеевпценных метееевцелев;т
2517;хнчскпру пру;юееве феевпе еевефеевфеевпценелцзефеевфеевпцц,цзеееветететельтве, неечне-технцчеей цнфееевмефеевфеевпцц ц €зыевеме феевпееевевее;т
2517;хнчскпру пру;юееве феевпе €зыевеме феевпееевевее;т
2517;хнчскпру пру;юееве феевпеевефеевпеевеетней ц технелецчеей еементефеевфеевпцц;т
2517;хнчскпру пру;юееве тенееевтцзефеевфеевпцц;т
2517;хнчскпру пру;юееве технцчеее еевезвцтц€ еъецненц€;т
2517;хнчскпру пру;етееев феевпе ееевенцзефеевфеевпцц ечете ц ентеевел€ зе вцженцем еевеефеевфеевпенных метеллев ц емней;т
2517;хнчскпру пру;“ехнелецчеее юееве;т
2538;пру мвпруьн-хнчскг снбжн;Cетееев вфеевпемеетельных метееевцелев;мтс
2538;пру мвпруьн-хнчскг снбжн;етееев еневных ц ееевюче-мезечных метееевцелев;мтс
2538;пру мвпруьн-хнчскг снбжн;етееев теевецтельных метееевцелев;мтс
2538;пру мвпруьн-хнчскг снбжн;етееев ыеевь€;мтс
2538;пру мвпруьн-хнчскг снбжн;етееев ыеевь€ ц еневных метееевцелев;мтс
2538;пру мвпруьн-хнчскг снбжн;етееев технелецчеей енетц;мтс
2538;пру мвпруьн-хнчскг снбжн;етееев технелецчеей енетц, тееевы ц ефеевпеевц;мтс
2555;пру пругск;етееев елееевцеевевенц€;л
2555;пру пругск;етееев леее хез€йтве;л
2555;пру пругск;етееев темеженнее елееевцеевевенц€;л
2555;пру пругск;етееев темеженнее елееевцеевевенц€ цмфеевпееевте ц феевпеевевееевцтельнее елееевцеевевенц€;л
2555;пру пругск;етееев темеженнее елееевцеевевенц€ эфеевпееевте ц тетцтцчеее елееевцеевевенц€;л
2559;пру мвкнг  впрузввп;етееев енелцзе еевыне ц еевелемы;мдпдповврв
2559;пру мвкнг  впрузввп;етееев цнфееевмефеевфеевпценне-енелцтцчецй;мдпдповврв
2559;пру мвкнг  впрузввп;етееев феевпеевевцженц€ феевпеевеефеевфеевпцц;мдпдповврв
2559;пру мвкнг  впрузввп;етееев еевеелцзефеевфеевпцц ееевных ц технцчецх теней;мдпдповврв
2559;пру мвкнг  впрузввп;етееев еевеелцзефеевфеевпцц технцчеей ц тетееевцеевевенней нцтц;мдпдповврв
2562;впвзвсвннпру пру;юееве нееевмцеевевенц€ вфеевпемеетельных метееевцелев;рвп
2562;впвзвсвннпру пру;юееве нееевмцеевевенц€ ыеевь€ ц метееевцелев;рвп
2562;впвзвсвннпру пру;юееве феевпленцеевевенц€ феевпеевецзветве;рвп
2562;впвзвсвннпру пру;цфеевпетчееевее юееве;рвп
2569;впввпрун вмзввп, мвпруг  нвмввпннх хнпругпру;юееве метеевелецц;мдпдповвт
2569;впввпрун вмзввп, мвпруг  нвмввпннх хнпругпру;юееве мцеевефеевпеевефеевфеевпеееевней технцц ц феевпеевееевеммне-лецчецх ентеевеллееевев;мдпдповвт
2569;впввпрун вмзввп, мвпруг  нвмввпннх хнпругпру;еевефеевпфеевпе феевпе технцчееме ележцвенцю цнфееевмефеевфеевпценне-цзмееевцтельных цтем;мдпдповвт
2569;впввпрун вмзввп, мвпруг  нвмввпннх хнпругпру;етееев ее“феевп;мдпдповвт
2569;впввпрун вмзввп, мвпруг  нвмввпннх хнпругпру;етееев феевпфеевпеев;мдпдповвт
